<?xml version="1.0"?>
<opencv_storage>
<stage11>
  <maxWeakCount>15</maxWeakCount>
  <stageThreshold>-1.4380816221237183e+00</stageThreshold>
  <weakClassifiers>
    <_>
      <internalNodes>
        0 -1 78053 1.6007812228053808e-03</internalNodes>
      <leafValues>
        -7.6512455940246582e-01 4.9009650945663452e-01</leafValues></_>
    <_>
      <internalNodes>
        0 -1 105015 -1.8322740215808153e-03</internalNodes>
      <leafValues>
        4.4835776090621948e-01 -3.5648778080940247e-01</leafValues></_>
    <_>
      <internalNodes>
        0 -1 83976 -7.4972130823880434e-04</internalNodes>
      <leafValues>
        -7.3391777276992798e-01 2.2910882532596588e-01</leafValues></_>
    <_>
      <internalNodes>
        0 -1 78339 1.4513678615912795e-04</internalNodes>
      <leafValues>
        2.1092706918716431e-01 -5.4552602767944336e-01</leafValues></_>
    <_>
      <internalNodes>
        0 -1 68786 2.9191887733759359e-05</internalNodes>
      <leafValues>
        -6.8514275550842285e-01 2.0347793400287628e-01</leafValues></_>
    <_>
      <internalNodes>
        0 -1 60843 1.6102576628327370e-03</internalNodes>
      <leafValues>
        -6.2168800830841064e-01 2.0163485407829285e-01</leafValues></_>
    <_>
      <internalNodes>
        0 -1 111824 1.7889602167997509e-04</internalNodes>
      <leafValues>
        1.5757772326469421e-01 -7.4749702215194702e-01</leafValues></_>
    <_>
      <internalNodes>
        0 -1 140612 1.0943407192826271e-02</internalNodes>
      <leafValues>
        -2.8832858800888062e-01 4.3817383050918579e-01</leafValues></_>
    <_>
      <internalNodes>
        0 -1 117144 -1.4621831942349672e-03</internalNodes>
      <leafValues>
        -7.9593646526336670e-01 1.3788540661334991e-01</leafValues></_>
    <_>
      <internalNodes>
        0 -1 71075 3.3216350129805505e-04</internalNodes>
      <leafValues>
        -3.2019561529159546e-01 4.0191885828971863e-01</leafValues></_>
    <_>
      <internalNodes>
        0 -1 138600 -8.5182569455355406e-04</internalNodes>
      <leafValues>
        3.4518852829933167e-01 -3.4676766395568848e-01</leafValues></_>
    <_>
      <internalNodes>
        0 -1 106188 -3.6824191920459270e-04</internalNodes>
      <leafValues>
        -5.8811616897583008e-01 2.4696633219718933e-01</leafValues></_>
    <_>
      <internalNodes>
        0 -1 68877 -1.7988692270591855e-03</internalNodes>
      <leafValues>
        1.2029185891151428e-01 -8.0641084909439087e-01</leafValues></_>
    <_>
      <internalNodes>
        0 -1 61881 -1.0177928488701582e-03</internalNodes>
      <leafValues>
        -9.1872751712799072e-01 9.7501426935195923e-02</leafValues></_>
    <_>
      <internalNodes>
        0 -1 92786 -4.6969020331744105e-05</internalNodes>
      <leafValues>
        2.4970154464244843e-01 -5.0211441516876221e-01</leafValues></_></weakClassifiers></stage11>
</opencv_storage>
