<?xml version="1.0"?>
<opencv_storage>
<stage0>
  <maxWeakCount>4</maxWeakCount>
  <stageThreshold>-5.2463167905807495e-01</stageThreshold>
  <weakClassifiers>
    <_>
      <internalNodes>
        0 -1 46570 -2.0317491888999939e-01</internalNodes>
      <leafValues>
        9.0716183185577393e-01 -8.3288407325744629e-01</leafValues></_>
    <_>
      <internalNodes>
        0 -1 58075 -6.2499765306711197e-02</internalNodes>
      <leafValues>
        7.7602881193161011e-01 -6.8194234371185303e-01</leafValues></_>
    <_>
      <internalNodes>
        0 -1 63309 -4.5894025242887437e-04</internalNodes>
      <leafValues>
        -9.7662532329559326e-01 4.7121697664260864e-01</leafValues></_>
    <_>
      <internalNodes>
        0 -1 63309 1.9008800154551864e-04</internalNodes>
      <leafValues>
        5.1897782087326050e-01 -9.6902179718017578e-01</leafValues></_></weakClassifiers></stage0>
</opencv_storage>
